Model,Parameters,Train Accuracy,Train Precision,Train Recall,Train F1 Score,Test Accuracy,Test Precision,Test Recall,Test F1 Score
Logistic Regression,"{'C': 0.1, 'penalty': 'l2', 'solver': 'liblinear'}",0.8887532131319466,0.8908507711837027,0.8887532131319466,0.8748057071257928,0.8877706931507654,0.8901582200002225,0.8877706931507654,0.8735638800265959
Random Forest,"{'max_depth': 10, 'n_estimators': 10}",0.7880964691300983,0.855206961407348,0.7880964691300983,0.805933404368818,0.7847089589516058,0.8530908652466846,0.7847089589516058,0.8028257728220232
